filename,length,area,inscribedCircle,circumscribedCircle,specificValue,rectangleDegree
1-40033,872.1635546684265,43250.5,156,318,0.49056603773584906,0.8294788982587108
1-40034,851.3351308107376,42698.5,156,310,0.5032258064516129,0.8365567383004596
1-40035,854.1635555028915,42593.5,156,308,0.5064935064935064,0.8370562209508545
