filename,length,area,inscribedCircle,circumscribedCircle,specificValue,rectangleDegree,circleDegree
14-10055.tif,147.29646360874176,1508.5,19,24,0.7916666666666666,0.7893772893772893,0.8737165017804264
14-10056.tif,147.0538226366043,1479.0,18,24,0.75,0.7900641025641025,0.859459469976366
14-10057.tif,143.29646337032318,1417.5,18,24,0.75,0.7771381578947368,0.8674850274897722
14-10058.tif,136.56854116916656,1265.0,17,22,0.7727272727272727,0.8031746031746032,0.852312875088629
14-10059.tif,134.22539579868317,1223.0,17,22,0.7727272727272727,0.7765079365079365,0.8530351647950238
