filename,length,area,inscribedCircle,circumscribedCircle,specificValue,rectangleDegree,circleDegree
0,169.39696872234344,1770.0,17,30,0.5666666666666667,0.821780070860192,0.7751252086137936
1,169.98275470733643,1760.5,17,30,0.5666666666666667,0.822936950668411,0.7656603671795926
2,164.08326029777527,1694.0,17,29,0.5862068965517241,0.8491228070175438,0.7906690088122347
3,161.39696860313416,1634.0,17,28,0.6071428571428571,0.8005268099253331,0.7882630499060459
4,156.56854116916656,1558.0,16,28,0.5714285714285714,0.8116735312208778,0.7986717207453948
